Source,Target,Type,Weight
0LaMasia196588,yungsgy,Directed,1
0PSH8,0PSH8,Directed,143
0xN4N4,ForzaDonnaa,Directed,1
0xbocahOktowin_,hasyimmah,Directed,1
0xnpcnwin,azeclair,Directed,1
1trenggalek,1trenggalek,Directed,2
20gallantoarbi,20gallantoarbi,Directed,1
2Mazing93,ruangpundit,Directed,1
48bolaID,48bolaID,Directed,1
97jef_,JIHY0KU,Directed,1
AARasamala0113,theaseanball,Directed,1
ADewantara,KingEmyu_ID,Directed,1
ADewantara,MafiaWasit,Directed,1
ANS210724,ANS210724,Directed,134
ANS210724,Mas_udiien,Directed,1
AUtiarahman,AUtiarahman,Directed,1
Aamiirdotstore,Aamiirdotstore,Directed,1
AbasBalapradana,AbasBalapradana,Directed,1
AdnanFahmy,AdnanFahmy,Directed,1
AfiyahKamila7,AfiyahKamila7,Directed,35
Aghniawan24_,KingEmyu_ID,Directed,1
AidilFikri23,ForzaDonnaa,Directed,1
Aira1Bella,Aira1Bella,Directed,1
Aisthetic_a,JIHY0KU,Directed,1
Ajiemaspatula,ForzaDonnaa,Directed,1
Ajuansyah_putra,OmanFA,Directed,1
Akbarri_,unmagnetism,Directed,1
Akmall0rens20,ForzaDonnaa,Directed,1
Akmall0rens20,adamfajarf,Directed,1
Aku_MohArwani,unmagnetism,Directed,1
AlbertXenn,mypediasure,Directed,1
Albiru942,Albiru942,Directed,1
Ali_srigala87,Ali_srigala87,Directed,22
Alonesiacom,Alonesiacom,Directed,6
Alt_Lim,unmagnetism,Directed,1
AlterEAries283,afcasiancup,Directed,1
AndreNata982,cingreborn,Directed,1
AndreNata982,diofateeh,Directed,1
AntoniusCDN,AntoniusCDN,Directed,18
AqiaqiH,AqiaqiH,Directed,3
Aqil__Rasyad,Aqil__Rasyad,Directed,19
Aquarianwine,Aquarianwine,Directed,1
ArdiJoko91,ArdiJoko91,Directed,4
Ariealhukii,ForzaDonnaa,Directed,1
ArielFauzan16,ArielFauzan16,Directed,1
Ariskha02,Ariskha02,Directed,2
Arisu__18,Arisu__18,Directed,6
Arisu__18,idextratime,Directed,1
AsmaRai343,TimnasIndonesia,Directed,1
Asmaradnta,Asmaradnta,Directed,1
Astarani_Store,Astarani_Store,Directed,1
AsupanBokep69,AsupanBokep69,Directed,5
Athen_sibi66023,ruangpundit,Directed,1
AtryuRafael,AtryuRafael,Directed,2
Ayu15tee,Ayu15tee,Directed,1
Azharvengeance1,Azharvengeance1,Directed,1
BAKS0lKAN,BAKS0lKAN,Directed,2
BNguyen80258,DS_yantie,Directed,1
BNguyen80258,ForRezim,Directed,1
BNguyen80258,Madariyanhadi,Directed,1
BNguyen80258,TxtdariHI,Directed,1
BNguyen80258,bubbleppong,Directed,1
BNguyen80258,fortisfortuna_9,Directed,1
BNguyen80258,officialinews_,Directed,1
BNguyen80258,podo_radong1,Directed,1
BNguyen80258,qentrunx,Directed,1
BNguyen80258,shibalzz,Directed,1
BNguyen80258,siiemak,Directed,1
BNguyen80258,sridarwanto,Directed,1
BNguyen80258,swextdemon,Directed,1
BNguyen80258,threadshopee,Directed,1
B_dzoel,B_dzoel,Directed,4
BadmintonLive1,BadmintonLive1,Directed,1
BahaDzulhijah,FaktaSepakbola,Directed,1
Bali_Football,Bali_Football,Directed,1
Bandem06,TimnasIndonesia,Directed,1
BangCul15,BangCul15,Directed,1
BangrafieE,yungsgy,Directed,1
Barna_byo,Barna_byo,Directed,1
Barna_byo,afcasiancup,Directed,2
BejanVanDeBexs,mypediasure,Directed,1
BekelSego,BekelSego,Directed,2
Belkavinren,Belkavinren,Directed,2
Bersinar2023,Bersinar2023,Directed,3
BgWorkout,BgWorkout,Directed,1
BgWorkout,Mas_udiien,Directed,1
BgWorkout,mypediasure,Directed,1
Bibilbilz,gepreqkk,Directed,1
Big_C202,unmagnetism,Directed,1
BoaHancock0229,aingriwehuy,Directed,1
BolaSportcom,BolaSportcom,Directed,76
BraderRandy,FT_IDN,Directed,1
BraderRandy,TimnasIndonesia,Directed,1
BrianPriyadi,unmagnetism,Directed,1
Caarc12,Caarc12,Directed,2
Catatan_ali7,Catatan_ali7,Directed,3
CatongBugul,KAI121,Directed,1
Cek_atm,ForzaDonnaa,Directed,1
Chalatea1,Chalatea1,Directed,51
Chitarasyaa_,JIHY0KU,Directed,1
Christiant80491,Christiant80491,Directed,1
Cinta_42345,Cinta_42345,Directed,15
Clemira_,ForzaDonnaa,Directed,1
CobaDikenal,CobaDikenal,Directed,4
CopySalsabila,CopySalsabila,Directed,12
CropLifeIndo,CropLifeIndo,Directed,13
Culturaboratory,Culturaboratory,Directed,1
Dadikkurniawan1,Dadikkurniawan1,Directed,1
Dadikkurniawan1,Mas_udiien,Directed,1
Dadikkurniawan1,yungsgy,Directed,1
DanarC42147,ForzaDonnaa,Directed,1
DanhTru63630515,JhonSitorus_18,Directed,1
DanhTru63630515,Kilat_com,Directed,1
DanhTru63630515,KutaReal_X,Directed,1
DanhTru63630515,Oodhi_tah,Directed,1
DanhTru63630515,dinar_wibowo,Directed,1
DanhTru63630515,iam_sijo01,Directed,1
DanhTru63630515,itorijal,Directed,1
DanhTru63630515,panggilajaayu,Directed,1
DanhTru63630515,rayindratw,Directed,1
DanhTru63630515,sstarviin,Directed,1
DaniKurniad,DaniKurniad,Directed,1
Danzpicknava,ForzaDonnaa,Directed,1
Danzpicknava,JIHY0KU,Directed,1
DarrenGree88559,kadangbablas,Directed,1
DavyRizqy,DavyRizqy,Directed,1
DavyRizqy,Mas_udiien,Directed,1
DavyRizqy,yungsgy,Directed,1
DeepakSing54446,trentzski,Directed,1
DesPiratess,DesPiratess,Directed,2
Detik_Bola_Idn,Detik_Bola_Idn,Directed,1
Dodyeonn,Dodyeonn,Directed,63
Dogemaxx2,ForzaDonnaa,Directed,1
Doplenk29,idextratime,Directed,1
Drixsetiawan,Drixsetiawan,Directed,1
Duong320656,guzelamare,Directed,1
DuyHoiLm141,0xprtma,Directed,1
EfendiParu83454,KardoSony,Directed,1
EgiBallah,EgiBallah,Directed,18
Eil_Thia,Eil_Thia,Directed,39
Ellahandar_,Ellahandar_,Directed,1
EndarTo44857464,yungsgy,Directed,1
ErzaAnggara22,ErzaAnggara22,Directed,1
Evanskiie,Evanskiie,Directed,1
F4tiiiih,F4tiiiih,Directed,1
F4tiiiih,Mas_udiien,Directed,1
FPL_sieltam,FPL_sieltam,Directed,1
FPL_sieltam,rahayuagus1234,Directed,1
Fadil_AOD,unmagnetism,Directed,1
FajarUtama99,ForzaDonnaa,Directed,1
FaktaSepakbola,FaktaSepakbola,Directed,152
Fani1513,ForzaDonnaa,Directed,1
FarhanRozyy,TimnasIndonesia,Directed,1
Farhan__io,Farhan__io,Directed,1
FariezRiz,ForzaDonnaa,Directed,1
Farms_27,Farms_27,Directed,18
Fat0710,ForzaDonnaa,Directed,1
Ferri_gunn,ForzaDonnaa,Directed,1
FijiAntasa,FijiAntasa,Directed,1
FineRich_,FineRich_,Directed,1
FirmanYulianto1,FaktaSepakbola,Directed,1
FitraYouse,Grock230,Directed,1
Football5star,Football5star,Directed,1
FootballReprt,TimnasIndonesia,Directed,1
ForzaDonnaa,ForzaDonnaa,Directed,14
GKetebak,Mas_udiien,Directed,1
GOAL_ID,GOAL_ID,Directed,722
GTRoulette,GTRoulette,Directed,2
GarisMedok,MafiaWasit,Directed,1
Geminiikon,Geminiikon,Directed,2
Generasiosing,TimnasIndonesia,Directed,1
Ghurem2,Ghurem2,Directed,22
GilberthSun,GilberthSun,Directed,1
Goalscoreid,Goalscoreid,Directed,398
Gomie_,Gomie_,Directed,1
GoonersPusat,GoonersPusat,Directed,1
Grock230,Grock230,Directed,199
GunawanSerafine,SandyWalsh_,Directed,1
GunawanSerafine,indosupporter,Directed,1
GunawanSerafine,pray_thekid,Directed,1
GuruBimbelBocil,ForzaDonnaa,Directed,1
HFatima25988,HFatima25988,Directed,1
Hagiardika,ForzaDonnaa,Directed,1
Hagiardika,ruangpundit,Directed,1
HansJ92714,Idho09,Directed,1
HansJ92714,TimnasIndonesia,Directed,1
Hansunriko,Hansunriko,Directed,123
Hasbil_Lbs,Hasbil_Lbs,Directed,105
Heraloebss,Heraloebss,Directed,302
HermawanadiCand,HermawanadiCand,Directed,1
HerwinNaga8,HerwinNaga8,Directed,2
HoaNgoc773360,Serigala_Blue,Directed,2
HoaNgoc773360,baperanewscom,Directed,2
HoaNgoc773360,whensaid___,Directed,1
Hrjmisakii,Hrjmisakii,Directed,1
IDSPORTTV12,IDSPORTTV12,Directed,40
Idho09,Idho09,Directed,2
Imam_Muhlis1,Imam_Muhlis1,Directed,7
Imam_Muhlis1,afcasiancup,Directed,2
Indomielovers,Indomielovers,Directed,1
IndraMahardhany,IndraMahardhany,Directed,2
IndriAdjaOk,JIHY0KU,Directed,1
InfoJktCom,InfoJktCom,Directed,1
IniDenny_,IniDenny_,Directed,8
Irwandwinugroho,ForzaDonnaa,Directed,1
IsanRS10,ForzaDonnaa,Directed,1
JIHY0KU,viachandesu,Directed,1
JKT48Terbaik,JKT48Terbaik,Directed,15
JTGUAH,JTGUAH,Directed,38
JadiJaya8,aseprivva,Directed,1
JaketKulitLover,JaketKulitLover,Directed,1
Japemethe2403,ruangpundit,Directed,1
Jenniestale,Jenniestale,Directed,4
Jentiana2,Ranisor_6,Directed,2
JhonThorX,mypediasure,Directed,1
Jimin_101099,Bersajak_id,Directed,1
Jimin_101099,CantikSeorang,Directed,1
JurnalNgawi,JurnalNgawi,Directed,1
KTP_sementara,megumiifg,Directed,1
Kalasuba2021,Kalasuba2021,Directed,5
KanzAnjasmara,MafiaWasit,Directed,1
KardoSony,KardoSony,Directed,52
Katadaniii_,Katadaniii_,Directed,1
Katadaniii_,Mas_udiien,Directed,1
Keep_Speak,Keep_Speak,Directed,43
Kejora_021,Kejora_021,Directed,86
KenzoAji_7,KenzoAji_7,Directed,1
Kepengen_win_,ForzaDonnaa,Directed,1
Kepengen_win_,adamfajarf,Directed,1
KhalisnyaOlali_,MadaHaqiqie,Directed,1
Khoiril_annwar,ForzaDonnaa,Directed,1
KilljoyYadi,mamaandin98,Directed,1
KiluaAldy,KiluaAldy,Directed,1
KokoKR8,JIHY0KU,Directed,1
Koyurim_1,Koyurim_1,Directed,372
KulitAyamEmsidi,unmagnetism,Directed,1
KunKunKunKlan,KunKunKunKlan,Directed,26
Kurang_Seribu,Perspirex_id,Directed,1
LANDIE901,unmagnetism,Directed,1
LarasWa2529,LarasWa2529,Directed,71
LilikLik1214940,ForzaDonnaa,Directed,1
LingkarOfficial,LingkarOfficial,Directed,3
Lisaulfa11,whitelab_id,Directed,1
LukyAntoryo,LukyAntoryo,Directed,4
MSyamsulHuda04,MSyamsulHuda04,Directed,2
MUnsulbar,DrEliDavid,Directed,1
MafiaWasit,MafiaWasit,Directed,418
MahesaSyilendra,unmagnetism,Directed,1
MalvinTjuan2,ForzaDonnaa,Directed,1
Mamankyukero,JIHY0KU,Directed,1
ManassaDaeng,Bersinar2023,Directed,1
MardaniAliSera,MardaniAliSera,Directed,17
MartabakBukit,Hypester481,Directed,1
Mascahyo20,ForzaDonnaa,Directed,1
Maungklock,JIHY0KU,Directed,1
Maungklock,MafiaWasit,Directed,1
MedsosBiz,MedsosBiz,Directed,1
Menik407,Menik407,Directed,1
Menik407,TimnasIndonesia,Directed,1
MerahPutih2024,MerahPutih2024,Directed,174
MerdekaGaruda45,MerdekaGaruda45,Directed,3
MilariProduk,MilariProduk,Directed,1
MimpiJalani,yungsgy,Directed,1
Minh11138,DS_yantie,Directed,1
Minh11138,V3g3L,Directed,1
Minnie_imut,Minnie_imut,Directed,1
MisbahWiyono,MisbahWiyono,Directed,2
Misugi25,yudhidwi_,Directed,1
MoXweet,MoXweet,Directed,6
MochamadAntonF2,Mas_udiien,Directed,1
MochamadAntonF2,MochamadAntonF2,Directed,1
MochamadAntonF2,mypediasure,Directed,1
Monluvbaebae,Monluvbaebae,Directed,1
MrBantiSaini785,MrBantiSaini785,Directed,1
MuhammadSa97506,yungsgy,Directed,1
Muhammad_Getar,Muhammad_Getar,Directed,1
MulyonoDiRajo,MulyonoDiRajo,Directed,26
NASBAN182,unmagnetism,Directed,2
NadiaPuspita__,NadiaPuspita__,Directed,32
Nahnaylaaa,Nahnaylaaa,Directed,125
Naj_2709,Naj_2709,Directed,1
NalarPolitik_,NalarPolitik_,Directed,7
Naufal4231,Naufal4231,Directed,1
Ncepcipcup,Ncepcipcup,Directed,1
New_Aa11Aa,ForzaDonnaa,Directed,1
NguyenQuyn93111,SINDOnews,Directed,1
NguyenQuyn93111,Syahruzy44356,Directed,2
NguyenQuyn93111,dinulfadli_,Directed,1
NguyenQuyn93111,fortisfortuna_9,Directed,1
NguyenQuyn93111,jakpoes,Directed,1
NguyenQuyn93111,mikuroQ,Directed,1
NguyenQuyn93111,rifkypras_,Directed,1
NguyenQuyn93111,rosidabdul2740,Directed,1
NguyenQuyn93111,therra_,Directed,1
NhanTran441611,KangSemproel,Directed,1
NhanTran441611,iqqqbalmu,Directed,1
Nhn24905332446,Malimdewa12,Directed,1
Nhn24905332446,bubbleppong,Directed,1
Nhn24905332446,satriyotutuko,Directed,1
Nhn24905332446,shda_agatha_,Directed,1
NhtMinh1310577,Adribarza1,Directed,1
NhtMinh1310577,AniesPresid3nku,Directed,1
NhtMinh1310577,sadbiitchie,Directed,1
NhuNgoc162,Wisemanabdul__,Directed,1
NhuNgoc162,hadilocoboy,Directed,1
Nidyna10,Nidyna10,Directed,133
Nindi407,Nindi407,Directed,356
NinikSito,RafardhanKhaif,Directed,1
Nirmala_0106,Nirmala_0106,Directed,12
Nisa__Indah,Nisa__Indah,Directed,4
Nobody_2811,Nobody_2811,Directed,30
NodusPurkinje,NodusPurkinje,Directed,19
NotForestID,NotForestID,Directed,3
Ntoetbois_19,unmagnetism,Directed,1
Nuansa_id17,Nuansa_id17,Directed,3
NuntiumFootBall,NuntiumFootBall,Directed,2
Nurkha24609157,JIHY0KU,Directed,1
OlaHitz,OlaHitz,Directed,2
Olahbolacom,Olahbolacom,Directed,3
OmarSan26260097,diofateeh,Directed,1
Opaychaos,mabuise,Directed,1
Opetals,Opetals,Directed,1
OrenBelanja,OrenBelanja,Directed,1
Owolabitoib27,Obacruze,Directed,1
Ox_wins100,ForzaDonnaa,Directed,1
Oxnavapusing,JIHY0KU,Directed,1
Oxnavapusing,adamfajarf,Directed,1
Oxnavapusing,whitelab_id,Directed,1
Ozoraja,LeoObor,Directed,1
P1NKYEW,P1NKYEW,Directed,2
P4170C5,unmagnetism,Directed,1
PANDHITADHYASA1,PANDHITADHYASA1,Directed,24
PDemokrat,PDemokrat,Directed,2
PafaRoTTe,PafaRoTTe,Directed,12
PangilAja_Tian,yungsgy,Directed,1
PanjiBernadinus,PanjiBernadinus,Directed,1
PeachMissufe,ForzaDonnaa,Directed,1
PekalonganOpak,PekalonganOpak,Directed,1
PekalonganOpak,unmagnetism,Directed,1
PelatihT1dur,PelatihT1dur,Directed,227
PembebasanTinta,ForzaDonnaa,Directed,1
Pena26132683141,Pena26132683141,Directed,1
Penjelajah01,Penjelajah01,Directed,58
Perang_Berdarah,Perang_Berdarah,Directed,1
PerawatTampan,ForzaDonnaa,Directed,1
Perspirex_id,Perspirex_id,Directed,8
PhuongT65403017,SINDOnews,Directed,1
PhuongT65403017,toddysolo79,Directed,2
Pipit_Min,Pipit_Min,Directed,1
Piyasha01,Piyasha01,Directed,2
Polarumit,twinkiesstarr,Directed,1
PoldaJogja,PoldaJogja,Directed,12
Projo_Pusat,Projo_Pusat,Directed,58
QunNguyn724578,BosPurwa,Directed,1
QunNguyn724578,sstarviin,Directed,1
RCTIPlus,RCTIPlus,Directed,5
RDAVISC_,ForzaDonnaa,Directed,1
RIZALRAHMI,id_fm,Directed,1
RJazuli23,mypediasure,Directed,1
RJazuli23,yungsgy,Directed,1
RMadridMads,RMadridMads,Directed,1
RadioElshinta,RadioElshinta,Directed,1
RahmiWm,JIHY0KU,Directed,1
RaitoRisuna,RaitoRisuna,Directed,1
RajaHadian,RajaHadian,Directed,1
Raja_Rawa_,Raja_Rawa_,Directed,10
Ramdan9975,ForzaDonnaa,Directed,1
Ramdan9975,JIHY0KU,Directed,1
Ranisor_6,Ranisor_6,Directed,66
RcyberProj0,RcyberProj0,Directed,11
Red_Lockey,Red_Lockey,Directed,5
Reivolusi,Reivolusi,Directed,3
Renanpicisan,yungsgy,Directed,1
RensGlry,ForzaDonnaa,Directed,1
Retrouvailleste,unmagnetism,Directed,1
Retweet98010012,Retweet98010012,Directed,2
Rexthatch,Rexthatch,Directed,5
Reza45367536,JIHY0KU,Directed,1
Reza45367536,Mas_udiien,Directed,1
Reza45367536,Reza45367536,Directed,1
Reza45367536,adamfajarf,Directed,1
Rimuru_Tems98,adamfajarf,Directed,1
RioHandan,unmagnetism,Directed,1
Rishabhvyas_3,Rishabhvyas_3,Directed,1
RismanSyaif48,FaktaSepakbola,Directed,1
RisziSanjaya,RisziSanjaya,Directed,1
RizalWahyudin19,ForzaDonnaa,Directed,1
RumahCinta15,JIHY0KU,Directed,1
RyanArdnsh31,ForzaDonnaa,Directed,1
Ryan_Ramirez,unmagnetism,Directed,1
SIBotakWasit,SIBotakWasit,Directed,6
Safarsingh_,aingriwehuy,Directed,1
Sahrulstaare,Sahrulstaare,Directed,2
SaidHamidihoho,Mas_udiien,Directed,1
SalmaTours,SalmaTours,Directed,1
SalmanF99865546,Mas_udiien,Directed,1
SalmanF99865546,SalmanF99865546,Directed,1
SeJakarta_id,SeJakarta_id,Directed,5
SeJakarta_id,raisa6690,Directed,1
SedotIdung_Babi,SedotIdung_Babi,Directed,3
SedotIngus_Babi,SedotIngus_Babi,Directed,2
Seraphio26,unmagnetism,Directed,1
ShayneTrustain,ShayneTrustain,Directed,1
Shoping_corner,Shoping_corner,Directed,2
SiaranBolaLive,SiaranBolaLive,Directed,65
StevanFirman15,FIFAcom,Directed,3
StevanFirman15,StevanFirman15,Directed,1
StevanFirman15,afcasiancup,Directed,1
StoryofRoMa912,PeterGontha,Directed,1
Supereleven5,ForzaDonnaa,Directed,1
SupportTimnasx,SupportTimnasx,Directed,1
Sutbudiharto62,Sutbudiharto62,Directed,1
Sutbudiharto62,afcasiancup,Directed,1
SuwardiLuck,yungsgy,Directed,1
Syah6064,Mas_udiien,Directed,1
Syah6064,Syah6064,Directed,1
Syah6064,unmagnetism,Directed,1
SyahPut97845832,Mas_udiien,Directed,1
SyahPut97845832,SyahPut97845832,Directed,1
Szbiannn,unmagnetism,Directed,1
Tam221110,baperanewscom,Directed,1
Tam221110,dewirahmat_,Directed,1
Tam221110,strssovrld,Directed,1
TambalBan87,theaseanball,Directed,1
Tatarori80,Tatarori80,Directed,11
TaufanAbdullah,unmagnetism,Directed,1
TheKingofKippax,MafiaWasit,Directed,1
TheRedsLiv2546,ForzaDonnaa,Directed,1
Thescorpioman14,Thescorpioman14,Directed,1
Thevytiny,FaktaSepakbola,Directed,8
Tictic117657687,Ghurem2,Directed,1
Tictic117657687,LaingenLisa,Directed,1
Tictic117657687,NalarPolitik_,Directed,2
Tictic117657687,trinugroho162,Directed,1
TimnasIndonesia,TimnasIndonesia,Directed,14498
TirmanRezi,yungsgy,Directed,1
Tokocrypto,Tokocrypto,Directed,1
TotoPokco,TotoPokco,Directed,4
TrinhTrung37828,officialinews_,Directed,1
Trisnoaku1,FaktaSepakbola,Directed,1
Trisnoaku1,Trisnoaku1,Directed,1
Trisnoaku1,unmagnetism,Directed,1
TrnNguyn828422,Bersajak_id,Directed,1
TrnNguyn828422,JhonSitorus_18,Directed,1
TrnNguyn828422,JoniSugiharto,Directed,1
TrnNguyn828422,Muhayya__,Directed,1
TrnNguyn828422,Syahbarianto,Directed,1
TrnNguyn828422,baperanewscom,Directed,1
TrnNguyn828422,diabara_,Directed,1
TrnNguyn828422,negativisme,Directed,1
TrnNguyn828422,sadbiitchie,Directed,1
TrnNguyn828422,tijabar,Directed,1
UmamNovani,ForzaDonnaa,Directed,1
UncDeep,UncDeep,Directed,4
UpdateBolabola,UpdateBolabola,Directed,202
Urrangawak,Urrangawak,Directed,45
Utuy182,unmagnetism,Directed,1
UwoooH,FaktaSepakbola,Directed,1
Veilgold6699,ForzaDonnaa,Directed,1
VickySevana,adamfajarf,Directed,1
Victoroctalino,Victoroctalino,Directed,4
VikyVeovinza,VikyVeovinza,Directed,7
VivoPasari84390,VivoPasari84390,Directed,1
Vuthibachmai,Aris_K_182,Directed,1
Vuthibachmai,Nindimarina,Directed,1
Vuthibachmai,hendrianoko,Directed,1
WGreborn,WGreborn,Directed,90
Wage_Esuk,Wage_Esuk,Directed,2
Wahyu_Khairul_,Wahyu_Khairul_,Directed,72
WahyupuJex,ForzaDonnaa,Directed,1
Waka2Wakaa,Waka2Wakaa,Directed,1
Waone57855433,Mas_udiien,Directed,1
Waone57855433,Waone57855433,Directed,1
WartaEkonomi,WartaEkonomi,Directed,1
WartaKota5,WartaKota5,Directed,2
Wasit_VAR,Wasit_VAR,Directed,7
WatchSport_free,WatchSport_free,Directed,3
WatonmuniToni,WatonmuniToni,Directed,1
Williams1Young,Williams1Young,Directed,1
XlaluWin,ForzaDonnaa,Directed,1
XyaVicks,XyaVicks,Directed,1
Yendrasony_,MafiaWasit,Directed,1
Yendrasony_,Yendrasony_,Directed,5
Yendrasony_,andihiyat,Directed,1
YoHan35375706,Mas_udiien,Directed,1
YoHan35375706,YoHan35375706,Directed,1
YoHan35375706,yungsgy,Directed,1
Yom_N_Friends,Yom_N_Friends,Directed,32
YusrilEka411,YusrilEka411,Directed,1
Yusuf_mrd00,ForzaDonnaa,Directed,1
Yusuf_mrd00,mabuise,Directed,1
Zaenalabidin2,aingriwehuy,Directed,1
ZallZack,ForzaDonnaa,Directed,1
Zkyypir,yungsgy,Directed,1
_Fikri0304,JIHY0KU,Directed,1
_Rajawalinews,_Rajawalinews,Directed,119
_RifatFauzi_,_RifatFauzi_,Directed,3
__NJy,__NJy,Directed,1
_bersuara,_bersuara,Directed,2
_hellotias,_hellotias,Directed,16
_shuijiao,mypediasure,Directed,1
_umarabdulazis_,FaktaSepakbola,Directed,2
aabutttt,ForzaDonnaa,Directed,1
abangbelneg,abangbelneg,Directed,184
abidin85852,abidin85852,Directed,1
abmnyunscrd,JIHY0KU,Directed,1
achrieqnoy,ForzaDonnaa,Directed,1
adeknyapicknava,Mas_udiien,Directed,1
adenneightixs,JIHY0KU,Directed,1
adetya_nr,MafiaWasit,Directed,1
adinedame,JIHY0KU,Directed,1
aditiyadimas_11,unmagnetism,Directed,1
af1_,af1_,Directed,4
agus16rs,yungsgy,Directed,1
agussti21010394,agussti21010394,Directed,1
agustinusssnya3,MafiaWasit,Directed,1
aguzvcc,Mas_udiien,Directed,1
aguzvcc,aguzvcc,Directed,1
ahmeednur04,unmagnetism,Directed,1
aida_pras,JIHY0KU,Directed,1
aingriwehuy,aingriwehuy,Directed,34838
aji_snp,ForzaDonnaa,Directed,1
ajik_setiawan,ajik_setiawan,Directed,1
akhlakeopseoo,akhlakeopseoo,Directed,1
akmalmaulana084,yungsgy,Directed,1
akuratco,akuratco,Directed,227
akuratco,unmagnetism,Directed,1
alev_irfan82408,kembarbola76,Directed,1
alfarizi_r89264,adamfajarf,Directed,1
alfi_amin,unmagnetism,Directed,1
aliefmaulana_,aliefmaulana_,Directed,2
alienjoy212,Mas_udiien,Directed,1
alienjoy212,alienjoy212,Directed,1
alikcoeng,idnewcastle_,Directed,1
alimaruf991,ruangpundit,Directed,1
allinkcaid,MafiaWasit,Directed,1
allucantwit,allucantwit,Directed,63
altruismqt,altruismqt,Directed,1
alv_patrick,unmagnetism,Directed,1
alvchive,ForzaDonnaa,Directed,1
alwaysbaehyun,JIHY0KU,Directed,1
amadhazaziis,amadhazaziis,Directed,1
ameliawy26,FaktaSepakbola,Directed,1
ames_krupuk,ames_krupuk,Directed,1
anakhilangzzzz,ForzaDonnaa,Directed,1
andaravikaa,JIHY0KU,Directed,1
andarsofian,andarsofian,Directed,1
andi_achilles,ForzaDonnaa,Directed,1
andi_achilles,JIHY0KU,Directed,1
andi_achilles,yungsgy,Directed,1
andik_wahono7A,FaktaSepakbola,Directed,1
andiku719,JIHY0KU,Directed,1
andriandinoraa,andriandinoraa,Directed,2
andyfebriyant10,ForzaDonnaa,Directed,1
aneq_s,aneq_s,Directed,2
anggiespov,anggiespov,Directed,10
anonimman137997,anonimman137997,Directed,1
antaranews,antaranews,Directed,5
antertahu,MafiaWasit,Directed,1
antoTBL,FaktaSepakbola,Directed,1
antoTBL,antoTBL,Directed,1
aprim4973,afcasiancup,Directed,1
araapkpremm,araapkpremm,Directed,1
arahbatin,arahbatin,Directed,3
araychester,yungsgy,Directed,1
arditaher,unmagnetism,Directed,1
areyoudeal,areyoudeal,Directed,1
ariefovic,ariefovic,Directed,1
arsMotSpo,arsMotSpo,Directed,1
as_wahyoedi,as_wahyoedi,Directed,2
aseprivva,aseprivva,Directed,152
asyalulara,JIHY0KU,Directed,1
athlenialcyne,JIHY0KU,Directed,1
aw_yena,unmagnetism,Directed,1
awsmjwoo,aingriwehuy,Directed,1
ayahxandes,Mas_udiien,Directed,1
ayahxandes,yungsgy,Directed,1
ayayieveryday,ayayieveryday,Directed,1
azzab56,azzab56,Directed,13
baca_insights,baca_insights,Directed,7
bacottlukntl,ForzaDonnaa,Directed,1
bagus1204,fayadzinho,Directed,1
bahaspemainbola,bahaspemainbola,Directed,10
balyabinmalkan_,balyabinmalkan_,Directed,10
bank_indonesia,bank_indonesia,Directed,5
barunyobaFPL,TimnasIndonesia,Directed,1
bayipatrik,FaktaSepakbola,Directed,1
bbasiyo,bbasiyo,Directed,3
begalsepeda_,begalsepeda_,Directed,4
ben_vamps,ben_vamps,Directed,1
bento_31,bento_31,Directed,1
bento_31,kumparan,Directed,2
berkatkarya45,KardoSony,Directed,7
beulangong174,NarasiNewsroom,Directed,1
beulangong174,OposisiCerdas,Directed,1
beulangong174,ernestprakasa,Directed,1
beulangong174,kafiradikalis,Directed,2
bikainpipel,bikainpipel,Directed,1
bima_andrias,aingriwehuy,Directed,1
bimadimanggala,bimadimanggala,Directed,11
bimski,erickthohir,Directed,1
bismillahayowin,ForzaDonnaa,Directed,1
bkpdood,bkpdood,Directed,2
blccknights,blccknights,Directed,25
blinklockey_12,blinklockey_12,Directed,4
blueiscolor23,ForzaDonnaa,Directed,1
blueiscolor23,blueiscolor23,Directed,1
bocisaba,jackjackparrr,Directed,1
bolacomID,bolacomID,Directed,2
bongahday,ForzaDonnaa,Directed,1
boy_erboy,ForzaDonnaa,Directed,1
bpratama_nugrah,JIHY0KU,Directed,1
brii4uuu,unmagnetism,Directed,1
buddy_wirawan,my_supersoccer,Directed,1
budesic,budesic,Directed,12
budi_bayras,budi_bayras,Directed,1
bugfc_official,bugfc_official,Directed,2
bukankimjongunn,bukankimjongunn,Directed,1
bukupembaharu,bukupembaharu,Directed,4
buncititsmylife,ruangpundit,Directed,1
bungkikal99,bungkikal99,Directed,1
bungkikal99,unmagnetism,Directed,1
buzlaigyear,buzlaigyear,Directed,1
caepriecrxn_,caepriecrxn_,Directed,26
caepriecrxn_,gilabola_ina,Directed,2
caknur1414,caknur1414,Directed,79
callmedapong,callmedapong,Directed,1
candle_lily1703,candle_lily1703,Directed,5
cantik0109,cantik0109,Directed,7
captainjeno423,JIHY0KU,Directed,1
captjay__,captjay__,Directed,1
catatankaqihati,catatankaqihati,Directed,79
cechaangiya,JIHY0KU,Directed,1
ceciliadoom2024,cingreborn,Directed,1
cek_toko_oren,cek_toko_oren,Directed,174
celesxtiall,celesxtiall,Directed,8
cemaraaaaaaaaa,cemaraaaaaaaaa,Directed,2
cfh_tien,0xprtma,Directed,1
chaya_indonesia,chaya_indonesia,Directed,1
cherishekisses,JIHY0KU,Directed,1
choitikaminhwan,choitikaminhwan,Directed,1
choymarkochoy,choymarkochoy,Directed,1
cingreborn,cingreborn,Directed,577
citrafbri,citrafbri,Directed,1
cloudsandcoffe_,cloudsandcoffe_,Directed,39
croistl14,JIHY0KU,Directed,1
cs_freetag,cs_freetag,Directed,1
csn1207,FCDallas,Directed,1
cuddlepiero703,ForzaDonnaa,Directed,1
cuitanferdi,cuitanferdi,Directed,1
cuploss,ForzaDonnaa,Directed,1
curtisjonesid,MafiaWasit,Directed,1
cutieeboo__,cutieeboo__,Directed,13
cyendofc,cyendofc,Directed,2
daiishere_,daiishere_,Directed,6
dakups,KEMENPORA_RI,Directed,1
darmiko88,ForzaDonnaa,Directed,1
ddiigr,FaktaSepakbola,Directed,1
de_Royal_,JIHY0KU,Directed,1
dearmeika,dearmeika,Directed,14
dearmyluvkai,dearmyluvkai,Directed,1
deddy_ferdana,deddy_ferdana,Directed,4
dekade_08,dekade_08,Directed,5
dekilofthekumal,dekilofthekumal,Directed,1
delogyc,delogyc,Directed,1
deniadea,deniadea,Directed,1
denialv_10,ForzaDonnaa,Directed,1
denibastian89,ForzaDonnaa,Directed,1
deondewt,deondewt,Directed,2
detiksport,detiksport,Directed,9
dewi_darmawati,dewi_darmawati,Directed,1
dewi_darmawati,panditfootball,Directed,1
dey_arasn,dey_arasn,Directed,1
deyinps,BankSinarmas,Directed,1
dhanuhandono38,ForzaDonnaa,Directed,1
dian_arifiya,aingriwehuy,Directed,1
dieliatin,FaktaSepakbola,Directed,1
dii_night,Grock230,Directed,1
dioctoberrr,dioctoberrr,Directed,1
djlaprple,JIHY0KU,Directed,1
dkjakarta2024,dkjakarta2024,Directed,1
dm_teguh,TimnasIndonesia,Directed,1
doddnyy,idextratime,Directed,1
drunkissd,marrtirnez,Directed,1
dung2503205,Adribarza1,Directed,1
dung2503205,TxtdariHI,Directed,1
dung2503205,dinulfadli_,Directed,1
dung2503205,itorijal,Directed,1
dwburhanuddin,dwburhanuddin,Directed,1
dynamite_hyung,unmagnetism,Directed,1
dyt_____,ForzaDonnaa,Directed,1
edogunarsono,unmagnetism,Directed,1
ekojuniawan23,ekojuniawan23,Directed,1
em_raffii,em_raffii,Directed,4
emrgncy1002,emrgncy1002,Directed,1
endrzz09,utdabout,Directed,1
epenvictor,TimnasIndonesia,Directed,1
erdioo,erdioo,Directed,3
ernaayyy,ernaayyy,Directed,38
everykevlife,unmagnetism,Directed,1
ex_userr,FIFAcom,Directed,1
exomolar,exomolar,Directed,1
exomolar,unmagnetism,Directed,1
f12xos,f12xos,Directed,2
fahrulmaldini,ForzaDonnaa,Directed,1
faisal_ame68633,bluumees,Directed,1
falan45200875,mypediasure,Directed,1
fan152367586377,ruangpundit,Directed,1
fanasional,strootsys,Directed,1
fardoyoasri,TimnasIndonesia,Directed,1
farhanhandis,Mas_udiien,Directed,1
fatur_ozl19,ForzaDonnaa,Directed,1
feku_addmi,feku_addmi,Directed,3
feri_ferdinan_,0xmutantx0,Directed,1
feri_ferdinan_,AdamKur01734560,Directed,1
feri_ferdinan_,AgungPr06804104,Directed,1
feri_ferdinan_,Aries_BKSS,Directed,1
feri_ferdinan_,BamdisZ13247,Directed,1
feri_ferdinan_,BobyME4,Directed,1
feri_ferdinan_,DenDennis123,Directed,1
feri_ferdinan_,DewayudisSelalu,Directed,1
feri_ferdinan_,Dodi_metamorf,Directed,1
feri_ferdinan_,DonaKusuma3131,Directed,2
feri_ferdinan_,FeyWithGlasses,Directed,1
feri_ferdinan_,GegeQwe123,Directed,1
feri_ferdinan_,Hrjmisakii,Directed,2
feri_ferdinan_,Iniaku05645387,Directed,1
feri_ferdinan_,Iqbaalkhatami,Directed,1
feri_ferdinan_,KurangiBodoh,Directed,1
feri_ferdinan_,MasOjol_12,Directed,1
feri_ferdinan_,RMaulana9377,Directed,1
feri_ferdinan_,Resha_Anggraini,Directed,1
feri_ferdinan_,RosA_NurFrds,Directed,1
feri_ferdinan_,Syanzi___,Directed,1
feri_ferdinan_,Tasyaamalia23_,Directed,1
feri_ferdinan_,Ti_san6,Directed,1
feri_ferdinan_,TimnasIndonesia,Directed,1
feri_ferdinan_,WIRA_SONIC,Directed,1
feri_ferdinan_,WiryawanR61279,Directed,1
feri_ferdinan_,Xyoli4,Directed,1
feri_ferdinan_,aaerinnniee0_0,Directed,1
feri_ferdinan_,aguspersie16,Directed,1
feri_ferdinan_,aksara_rembulan,Directed,1
feri_ferdinan_,altruismqt,Directed,1
feri_ferdinan_,artix_id,Directed,1
feri_ferdinan_,bacotdahluh,Directed,1
feri_ferdinan_,cmdcuy2,Directed,1
feri_ferdinan_,cwouette,Directed,1
feri_ferdinan_,dbestofmy,Directed,1
feri_ferdinan_,ddtisna,Directed,3
feri_ferdinan_,erlthromycin,Directed,1
feri_ferdinan_,feelinlonelyyyy,Directed,1
feri_ferdinan_,feri_ferdinan_,Directed,1
feri_ferdinan_,fplkdebruyne,Directed,1
feri_ferdinan_,iikanaquarium,Directed,1
feri_ferdinan_,impreci0us,Directed,1
feri_ferdinan_,jecq74,Directed,1
feri_ferdinan_,kamehamehauhuy,Directed,1
feri_ferdinan_,kdkedwin___,Directed,1
feri_ferdinan_,kutubiru_,Directed,1
feri_ferdinan_,lyfesdgtrouble,Directed,1
feri_ferdinan_,mediolady,Directed,1
feri_ferdinan_,nataliarebec,Directed,1
feri_ferdinan_,nicesooball,Directed,1
feri_ferdinan_,nitijenbudiman,Directed,1
feri_ferdinan_,nottinghamid,Directed,1
feri_ferdinan_,nuim10,Directed,1
feri_ferdinan_,ovicahmad09,Directed,1
feri_ferdinan_,palG_nD,Directed,1
feri_ferdinan_,penjagahatii009,Directed,1
feri_ferdinan_,rizky_maul_ana7,Directed,1
feri_ferdinan_,ryz8888,Directed,1
feri_ferdinan_,sugandajs7,Directed,1
feri_ferdinan_,talkoutspoken,Directed,1
feri_ferdinan_,tiassukaoreo,Directed,1
feri_ferdinan_,wongsangarrrrr,Directed,1
feri_ferdinan_,yanuarpos,Directed,1
fhindo_id,fhindo_id,Directed,29
fiaxuserena,fiaxuserena,Directed,1
fidodle,yungsgy,Directed,1
fikrihidayatfik,ForzaDonnaa,Directed,1
filosofisabun,RafardhanKhaif,Directed,1
fiqryfauzian17_,fiqryfauzian17_,Directed,1
flouwoarme,flouwoarme,Directed,1
fofoqe121,fofoqe121,Directed,3
footballcenterx,footballcenterx,Directed,1
footballicious,footballicious,Directed,1
footballinanews,footballinanews,Directed,11
foxintheboxidn,foxintheboxidn,Directed,6
frdiand,Dsinathrya,Directed,1
fufu__fafa,fufu__fafa,Directed,1
g4b0ng0ku73,g4b0ng0ku73,Directed,15
gandana888,unmagnetism,Directed,1
gapapamir,gapapamir,Directed,1
garislucugaruda,garislucugaruda,Directed,2
gaspradana,mypediasure,Directed,1
giahuy4578,sianonim89,Directed,1
gianluca_k,ForzaDonnaa,Directed,1
gianluca_k,ruangpundit,Directed,1
giansuksesamin,MafiaWasit,Directed,1
giantrampai,giantrampai,Directed,1
gifarabdalah,idextratime,Directed,1
gladsmmr,Mas_udiien,Directed,1
gladsmmr,mypediasure,Directed,1
glenneawin,ForzaDonnaa,Directed,1
glowinthedark_x,unmagnetism,Directed,1
gnwnstj,Txtmlbb,Directed,1
gonceeee,JIHY0KU,Directed,1
gondessanfor,ForzaDonnaa,Directed,1
gondessanfor,ruangpundit,Directed,1
greeisel,Taesran,Directed,1
green_yvy,JIHY0KU,Directed,1
gubukcapcai_id,gubukcapcai_id,Directed,1
gurlinshdow,RCTISports_,Directed,1
hani84475450,ForzaDonnaa,Directed,1
hani84475450,whitelab_id,Directed,1
hanifaamp,hanifaamp,Directed,3
haris25udin,KingEmyu_ID,Directed,1
hendriprabowo,unmagnetism,Directed,1
hereticphysics,afcasiancup,Directed,1
heungmin_dear,heungmin_dear,Directed,1
hezroniii,kyentut,Directed,1
hidayatsport,ForzaDonnaa,Directed,1
hidayatsport,yungsgy,Directed,1
hikarilovebec,kegblgnunfaedh,Directed,1
hmsaefullmilla1,hmsaefullmilla1,Directed,1
home_s_id,home_s_id,Directed,3
homeawaynews,homeawaynews,Directed,1
honecymo0n,JIHY0KU,Directed,1
honeeeys_,honeeeys_,Directed,1
hopbola,hopbola,Directed,3
hotrosetea,whitelab_id,Directed,1
humblemanSA,humblemanSA,Directed,6
huyminh16111,Bersajak_id,Directed,1
huyminh16111,yubiaksara,Directed,1
iTeam_P4,iTeam_P4,Directed,2
iamjunghyunrim_,iamjunghyunrim_,Directed,10
ibamhariri,ibamhariri,Directed,13
iddbid,iddbid,Directed,3
idextratime,idextratime,Directed,754
idnewcastle_,idnewcastle_,Directed,3014
idolsapaaja,idolsapaaja,Directed,7
igun_gunarto,MyTelkomselApp,Directed,1
ikandoorii,ikandoorii,Directed,1
impersonath,JIHY0KU,Directed,1
impyta,impyta,Directed,1
imslapdash,imslapdash,Directed,1
incrediblelsa,incrediblelsa,Directed,2
indrarakaa,indrarakaa,Directed,1
indriifs,BahrainFA,Directed,1
indriifs,indriifs,Directed,1
iniadalah__,unmagnetism,Directed,1
inikamindonesia,inikamindonesia,Directed,3
inikazoki,ForzaDonnaa,Directed,1
inikazoki,whitelab_id,Directed,1
inilahdotcom,inilahdotcom,Directed,401
irawan_nadiaa,idextratime,Directed,2
irfanmbappe,irfanmbappe,Directed,1
isaacxqf,isaacxqf,Directed,3
isabeclla,JIHY0KU,Directed,1
itz_zameeroffl,TimnasIndonesia,Directed,2
iyamrenzia,iyamrenzia,Directed,1
jatibandoro,ForzaDonnaa,Directed,1
jayjaerudin,ForzaDonnaa,Directed,1
jcc_network,jcc_network,Directed,15
jebreeetmedia,jebreeetmedia,Directed,2
jeyisaturn,jeyisaturn,Directed,21
jlhrpd,jlhrpd,Directed,1
jokooooxhz,jokooooxhz,Directed,1
jowo_sensation,JIHY0KU,Directed,1
joydizzles,joydizzles,Directed,109
jreeennggg,JIHY0KU,Directed,1
jreeennggg,Mas_udiien,Directed,1
jreeennggg,unmagnetism,Directed,1
juhalans,juhalans,Directed,1
jukmachiavelie,unmagnetism,Directed,1
jungwonsunda,jungwonsunda,Directed,2
jupriantoalex,jupriantoalex,Directed,1
jurnalisatletis,jurnalisatletis,Directed,1
just__rndm,just__rndm,Directed,1
just_member,MafiaWasit,Directed,1
justfunnaise,justfunnaise,Directed,1
kacamata_ta,kacamata_ta,Directed,3
kamar_agung,kamar_agung,Directed,4279
kangdede78,kangdede78,Directed,19
kangketikk,unmagnetism,Directed,1
karolpier1000,FaktaSepakbola,Directed,1
kasihajamilkita,JIHY0KU,Directed,1
kata2bijak,kata2bijak,Directed,2
katrodayak,ForzaDonnaa,Directed,1
kegblgnunfaedh,kegblgnunfaedh,Directed,4117
keibob_,Mas_udiien,Directed,1
keibob_,keibob_,Directed,1
kelbyzufar007,kelbyzufar007,Directed,8
keluhsastra,keluhsastra,Directed,2
kentunggeming,kentunggeming,Directed,1
kerangesti,kerangesti,Directed,2
kialmmanuelgabe,kialmmanuelgabe,Directed,2
kiddeupies,JIHY0KU,Directed,1
kimmy_persempre,kimmy_persempre,Directed,1
kipyiksamgong,unmagnetism,Directed,1
kissdearu,JIHY0KU,Directed,1
kkmanti,budibongg,Directed,1
kkmanti,kkmanti,Directed,1
koentji_waroenq,azeclair,Directed,1
kompascom,kompascom,Directed,1
konnijuwa,JIHY0KU,Directed,1
kratoooooosss,kratoooooosss,Directed,1
kutamparr,TimnasIndonesia,Directed,1
kutamparr,kutamparr,Directed,1
lajangdanjalang,lajangdanjalang,Directed,1
lanodemank,lanodemank,Directed,9
lapangbolastats,lapangbolastats,Directed,4
lawangtengah,ForzaDonnaa,Directed,1
leftkuwingiwo,ruangpundit,Directed,1
leonisecret,leonisecret,Directed,5
liaasister,liaasister,Directed,17
lieblingks,lieblingks,Directed,1
lilyanacrtt,lilyanacrtt,Directed,2
livebolaid1,livebolaid1,Directed,2
lolalol___,lolalol___,Directed,8
lontoonggsatee,lontoonggsatee,Directed,1
lost466270,GOAL_ID,Directed,1
lost466270,idextratime,Directed,1
lovelyy212_,lovelyy212_,Directed,61
luarlapangan_id,luarlapangan_id,Directed,26
ludzfi_,ForzaDonnaa,Directed,1
lutfi_ifti41849,JIHY0KU,Directed,1
lyfesdgtrouble,lyfesdgtrouble,Directed,1
m1zon3,m1zon3,Directed,14
m_sanusi_red20,m_sanusi_red20,Directed,1
maartenpaesfans,GuarEmperor,Directed,1
maartenpaesfans,TimnasIndonesia,Directed,1
maartenpaesfans,maartenpaesfans,Directed,9
mabuise,mabuise,Directed,7
mamankyake,ForzaDonnaa,Directed,1
mansionfcid,mansionfcid,Directed,10
manuro8637211,ruangpundit,Directed,1
marcoadithazard,JIHY0KU,Directed,1
marisharebareng,marisharebareng,Directed,8
marisharebareng,ruangpundit,Directed,1
mariwinterus,vaniepink,Directed,1
marlongaftersex,MafiaWasit,Directed,1
marrtirnez,marrtirnez,Directed,1
marshal_tommy,yungsgy,Directed,1
marwanFC,marwanFC,Directed,1
marzdybuum,marzdybuum,Directed,32
mas_ich,mypediasure,Directed,1
maswanlagi,JIHY0KU,Directed,1
maswanlagi,whitelab_id,Directed,1
matius_ry0,matius_ry0,Directed,2
maungfootball,maungfootball,Directed,3
mauve102,JIHY0KU,Directed,1
mbok_sabar80,FaktaSepakbola,Directed,1
mbqjgblg2,mbqjgblg2,Directed,6
mcflyedd,tvOneNews,Directed,1
meibulanlima,meibulanlima,Directed,2
mekanasirah,mekanasirah,Directed,1
menterikelautan,strootsys,Directed,1
meongmanja_,JIHY0KU,Directed,1
merapi_uncover,merapi_uncover,Directed,5
metrojambi,metrojambi,Directed,1
metylprednison,metylprednison,Directed,1
meylinbigwin,ForzaDonnaa,Directed,1
mfariizsyafari,MafiaWasit,Directed,1
mhasansimon,JIHY0KU,Directed,1
miegorengwangi,yungsgy,Directed,1
miladewy,gilabola_ina,Directed,1
minasr_ismine,JIHY0KU,Directed,1
mingyuuu183106,JIHY0KU,Directed,1
minhtrphm254200,Oodhi_tah,Directed,1
miniminiegso,miniminiegso,Directed,84
misantoso45,misantoso45,Directed,1
mistercruise04,mistercruise04,Directed,1
misterdetektif,misterdetektif,Directed,66
miukufrend,miukufrend,Directed,7
mobolasax21,yungsgy,Directed,1
mommypiyyak,mommypiyyak,Directed,1
morelight_xyz,JIHY0KU,Directed,1
mrshubnerr,mrshubnerr,Directed,10
must_tons,Mas_udiien,Directed,1
must_tons,TimnasIndonesia,Directed,1
must_tons,must_tons,Directed,4
must_tons,yudhidwi_,Directed,1
my_supersoccer,my_supersoccer,Directed,36
mynanonkorapat,mynanonkorapat,Directed,1
mypediasure,mypediasure,Directed,10
mytraan223565,rynzifary,Directed,1
mytraan223565,shibalzz,Directed,1
mzainefendy,unmagnetism,Directed,1
nababastala,nababastala,Directed,1
nana_wiy,FaktaSepakbola,Directed,4
nandes_ketaren,JIHY0KU,Directed,1
narkosun,narkosun,Directed,1
nathintjoea,nathintjoea,Directed,1
nattavine,JIHY0KU,Directed,1
naurjs,naurjs,Directed,15
navacita,unmagnetism,Directed,1
nayyeowuu,JIHY0KU,Directed,1
nazwahumairah1,unmagnetism,Directed,1
neeetnottt,neeetnottt,Directed,1
nenglaela93,nenglaela93,Directed,1
nevertoolavish,nevertoolavish,Directed,23
ngopisiang,ngopisiang,Directed,220
ngurah_santa,ForzaDonnaa,Directed,1
nguyenkitt2300,NyaiNeneng,Directed,1
nikoio_,unmagnetism,Directed,1
nissaniiso,nissaniiso,Directed,1
nissaniiso,whitelab_id,Directed,1
niyupsie,cingreborn,Directed,2
not_found4444,ForzaDonnaa,Directed,1
noturbububaby,noturbububaby,Directed,2
novinda_g,KingEmyu_ID,Directed,1
octadandy,MaartenPaes30,Directed,1
octadandy,TimnasIndonesia,Directed,1
octadandy,octadandy,Directed,1
oe_deen,ForzaDonnaa,Directed,1
officialinews_,officialinews_,Directed,4
oji_1999,mypediasure,Directed,1
ollllofme,yungsgy,Directed,1
ooomaagaa,MafiaWasit,Directed,1
oposan62id,fahrindra,Directed,1
oweooo_,unmagnetism,Directed,1
padamcricket2,unmagnetism,Directed,1
pak_oke1,pak_oke1,Directed,2
pakarkampanye,pakarkampanye,Directed,1
pakpejedani,pakpejedani,Directed,4
panca212519,pvuooqu,Directed,1
panca66,panca66,Directed,1
panditfootball,panditfootball,Directed,2762
panxalu,panxalu,Directed,1
parangsana,TimnasIndonesia,Directed,1
parangsana,parangsana,Directed,1
pawrellkedua,yungsgy,Directed,3
pcetryz,pcetryz,Directed,920
pcrrenjun09,JIHY0KU,Directed,1
peacocklions,peacocklions,Directed,1
pearhtree,pearhtree,Directed,926
pemain_cdgnU20,afcasiancup,Directed,1
penikmatkudapan,idextratime,Directed,1
peppermintbutl_,peppermintbutl_,Directed,2
pesanberikutini,ForzaDonnaa,Directed,1
petitpamungkas,petitpamungkas,Directed,3
phosphorusiodin,phosphorusiodin,Directed,1
pikiran_rakyat,pikiran_rakyat,Directed,1
pikiranlugu,unmagnetism,Directed,1
pilaradio886fm,pilaradio886fm,Directed,1
pisiiwayy,pisiiwayy,Directed,394
pluang_id,pluang_id,Directed,1
pms_bf,CNNIndonesia,Directed,1
pms_bf,WagimanDeep212_,Directed,1
pms_bf,tempodotco,Directed,2
poppyhuntern,Idho09,Directed,1
poppyhuntern,poppyhuntern,Directed,1
prabuadyatama,prabuadyatama,Directed,6
prioritastv,prioritastv,Directed,1
prtagt,prtagt,Directed,1
pujaker71673079,pujaker71673079,Directed,1
quyeb267748,sobatabsurb,Directed,1
ragheeell,ragheeell,Directed,128
ramaramaaaaaaaa,ForzaDonnaa,Directed,1
ramaramaaaaaaaa,ruangpundit,Directed,1
randang_88888,JIHY0KU,Directed,1
ranibalqiss,ranibalqiss,Directed,1
rasa2086,rasa2086,Directed,278
ravenclaours,ravenclaours,Directed,3
raykairi,ForzaDonnaa,Directed,1
razakasri,TimnasIndonesia,Directed,1
realmadridindo0,realmadridindo0,Directed,1
reinloiv,reinloiv,Directed,4
rendi_pake_i,unmagnetism,Directed,1
reododdyleonard,reododdyleonard,Directed,88
reph94,cingreborn,Directed,1
retnoayi,retnoayi,Directed,13
riandri1682,ForzaDonnaa,Directed,1
riddikulus_19,riddikulus_19,Directed,2
ridwancmz,ForzaDonnaa,Directed,1
rikohn,gilabola_ina,Directed,1
ririkbocil,ririkbocil,Directed,7
ririnoriatin,yungsgy,Directed,1
rizal_nurdin9,ForzaDonnaa,Directed,1
rizkydhan88,C_IndahJKT48,Directed,1
rockicstt,JIHY0KU,Directed,1
rogirogis,rogirogis,Directed,1
roguefreedman,ForzaDonnaa,Directed,1
ruangpundit,ruangpundit,Directed,538
rudolfvck,rudolfvck,Directed,3
rwardoyo,unmagnetism,Directed,1
s0medaywell,altruismqt,Directed,1
sa3nggy3,ForzaDonnaa,Directed,1
samidin_salidin,JIHY0KU,Directed,1
samidin_salidin,ruangpundit,Directed,1
sandra_hut,sandra_hut,Directed,38
sannauval,Mas_udiien,Directed,1
sannauval,sannauval,Directed,1
sarahmutiara04,JIHY0KU,Directed,1
satria_gigin,satria_gigin,Directed,3009
sauskejucrispy,sauskejucrispy,Directed,1
sayfull46,iqbal_kautsar,Directed,1
sbenchid,sbenchid,Directed,5
seasiagoal,seasiagoal,Directed,18
seftiruk,seftiruk,Directed,1
sehatAQUA,sehatAQUA,Directed,185
selow_mas,selow_mas,Directed,15
senncoin,senncoin,Directed,6
shauqiya,TimnasIndonesia,Directed,1
shotsgoalid,shotsgoalid,Directed,2
siPratama22,yungsgy,Directed,1
sindipakeS,sindipakeS,Directed,2
so_hwn,JIHY0KU,Directed,1
sogeumihada,sogeumihada,Directed,1
sopisloki,unmagnetism,Directed,1
spursang,MafiaWasit,Directed,1
squatgaruda,squatgaruda,Directed,1
sruputkopiaja,ForzaDonnaa,Directed,1
ssumerrain,ssumerrain,Directed,1
stanzaandreaa,ruangpundit,Directed,1
striiiiiii0000,striiiiiii0000,Directed,2
stupendooooo,Mas_udiien,Directed,1
stupendooooo,stupendooooo,Directed,1
suaramerdeka,suaramerdeka,Directed,1
sukmahidayat_33,ForzaDonnaa,Directed,1
sumadiseloguno,sumadiseloguno,Directed,1
sunar_ok,GOAL_ID,Directed,1
superimron,MafiaWasit,Directed,1
suroto1985,MafiaWasit,Directed,1
suryah_11,MafiaWasit,Directed,1
suveyours,JIHY0KU,Directed,1
suvid26,suvid26,Directed,1
sweetiebityy23,JIHY0KU,Directed,1
szzh05,JIHY0KU,Directed,1
szzh05,adamfajarf,Directed,1
szzh05,yungsgy,Directed,1
talkoutspoken,WatchmenID,Directed,1
tamthanh101122,BAHLILCIOUS,Directed,1
tamthanh101122,asfan_warah,Directed,1
tasperkakas,tasperkakas,Directed,1
tatagibrig,ForzaDonnaa,Directed,1
tatagibrig,Mas_udiien,Directed,1
tatagibrig,tatagibrig,Directed,1
taufik_basumbul,idextratime,Directed,1
taufik_basumbul,taufik_basumbul,Directed,1
teessauruss,teessauruss,Directed,13
tegar_gayuh111,TimnasIndonesia,Directed,1
teguh_pedia,JIHY0KU,Directed,1
tendangancornr,tendangancornr,Directed,1
tenkth,tenkth,Directed,16
teukufahmi,afcasiancup,Directed,1
thanhHungw,Miko_nglad,Directed,1
thanhHungw,Syahruzy44356,Directed,1
thanhHungw,pinatih88,Directed,1
thanhHungw,therra_,Directed,1
thaovy3979,SuwandaBen,Directed,2
thefandykid,thefandykid,Directed,2
thnhmei171574,AanSaputraa_,Directed,1
thnhmei171574,NyaiNeneng,Directed,1
thnhmei171574,Sgrdamai,Directed,1
thnhmei171574,Sulaya_tweet,Directed,1
thnhmei171574,TxtdariHI,Directed,1
thnhmei171574,fefeniaku,Directed,1
thnhmei171574,hansssolo,Directed,1
thnhmei171574,podo_radong1,Directed,1
thnhmei171574,satriyotutuko,Directed,1
tijabar,GuarEmperor,Directed,1
tijabar,tijabar,Directed,3
timnasnyaET,timnasnyaET,Directed,186
titui,CNBC,Directed,1
tokoatkkaju,Mas_udiien,Directed,1
tokoatkkaju,tokoatkkaju,Directed,1
tomatskill0,tomatskill0,Directed,1
tommynival,TimnasIndonesia,Directed,1
tonoJRP,JIHY0KU,Directed,1
toptorsag,Grock230,Directed,2
trgnjann,trgnjann,Directed,1
tribunkaltim,tribunkaltim,Directed,1
trinugroho162,cingreborn,Directed,1
trinugroho162,gilabola_ina,Directed,1
trtestella,trtestella,Directed,3
truly_review,ForzaDonnaa,Directed,1
turunminum_id,turunminum_id,Directed,58
tutabct,tutabct,Directed,5
tweetnya_yudha,ForzaDonnaa,Directed,1
tweetnya_yudha,Mas_udiien,Directed,1
tweetnya_yudha,tweetnya_yudha,Directed,1
tweetnya_yudha,whitelab_id,Directed,1
twoofus_20,twoofus_20,Directed,2
tya0htya,RheinaHerlina,Directed,1
tynthanh22,JoniSugiharto,Directed,1
tynthanh22,gloriahermawan,Directed,1
tytriyana_16,JIHY0KU,Directed,1
uniqkan,yungsgy,Directed,1
untumusumuk,Mas_udiien,Directed,1
upi_upi07,mypediasure,Directed,1
uukonen,uukonen,Directed,6
v1ncnz,v1ncnz,Directed,1
vahirahitz2,ForzaDonnaa,Directed,1
vandalizh,vandalizh,Directed,9
vanicakep97,JIHY0KU,Directed,1
vanska_,JIHY0KU,Directed,1
vanska_,mypediasure,Directed,1
vante_rises,JIHY0KU,Directed,1
varunrana86,Nr_alifaah,Directed,1
varunrana86,ernaayyy,Directed,1
vayinthe,vayinthe,Directed,1
veinard72,veinard72,Directed,1
veveqbakar,unmagnetism,Directed,1
video_tribun,video_tribun,Directed,1
vinasti7,unmagnetism,Directed,1
vincereautmory,ForzaDonnaa,Directed,1
vinneedd,vinneedd,Directed,1
virusketik,virusketik,Directed,108
vnyfe,FaktaSepakbola,Directed,2
waktunyabolaaa,waktunyabolaaa,Directed,2
wancuy19,PSSI,Directed,1
wangnationz,wangnationz,Directed,64
warga_pkb,warga_pkb,Directed,1
warto_ae,unmagnetism,Directed,1
whyymelord,JIHY0KU,Directed,1
wildayaa,TimnasIndonesia,Directed,1
winnancyy,JIHY0KU,Directed,1
wisnukunt,wisnukunt,Directed,1777
woniszekw,mypediasure,Directed,1
woodeiy,unmagnetism,Directed,1
wooradin,wooradin,Directed,1
wooshxik,wooshxik,Directed,2
woyooo11,woyooo11,Directed,1
wratfh,wratfh,Directed,1
xampean,xampean,Directed,31
xanantzz,JIHY0KU,Directed,1
xruyobjln,xruyobjln,Directed,1
xxinuyy,unmagnetism,Directed,1
xxnathie,xxnathie,Directed,10
yasyeay,JIHY0KU,Directed,1
yatuberh,JIHY0KU,Directed,1
yeanj_,JIHY0KU,Directed,1
yessicurn,yessicurn,Directed,1
ymhafizh,TimnasIndonesia,Directed,1
yogaa_hp,ForzaDonnaa,Directed,1
your_boba28,your_boba28,Directed,3
yoyo_ateam,yoyo_ateam,Directed,3
ypompipradani_,ypompipradani_,Directed,1
yroceaneyes,azeclair,Directed,1
yudhae71,ForzaDonnaa,Directed,1
yudhie86,yudhie86,Directed,1
yudipraditya,ForzaDonnaa,Directed,1
yumaam_,ForzaDonnaa,Directed,1
yungsgy,yungsgy,Directed,2
yusron_dc,yusron_dc,Directed,7
yuukibye,yuukibye,Directed,14
zaenurkrismono,zaenurkrismono,Directed,2
zahraquinsha,zahraquinsha,Directed,1
zainuri_1922,hasyimmah,Directed,1
zakariakml3,zakariakml3,Directed,2
zakky_bodong,zakky_bodong,Directed,1
zatunnisanur,FaktaSepakbola,Directed,1
zaynduakosong,ForzaDonnaa,Directed,1
zaynduakosong,MafiaWasit,Directed,1
zayntheden,idextratime,Directed,1
zhef_77,JIHY0KU,Directed,1
zhef_77,Mas_udiien,Directed,1
zhef_77,zhef_77,Directed,1
zidanalfadlunu,zidanalfadlunu,Directed,1
zuhrohnaa,JIHY0KU,Directed,1
zunzda,unmagnetism,Directed,1
